ID;Active (0/1);Name *;Parent category;Root category (0/1);Description;Meta title;Meta keywords;Meta description;URL rewritten;Image URL
13;1;Shtangentcirkuli;Home;0;Shtangentcirkuli;Meta title-Shtangentcirkuli;Meta keywords-Shtangentcirkuli;Meta description-Shtangentcirkuli;Thing0;
14;1;Shtangentcirkuli mehanicheskie GOST 166-89 GOSREESTR ¹ 52630-13;Shtangentcirkuli;0;Shtangentcirkuli mehanicheskie GOST 166-89 GOSREESTR ¹ 52630-13;Meta title-Shtangentcirkuli;Meta keywords-Shtangentcirkuli;Meta description-Shtangentcirkuli;Thing1;
15;1;Shtangentcirkuli tcifrovy`e GOST 166-89 GOSREESTR ¹ 52630-13;Shtangentcirkuli;0;Shtangentcirkuli tcifrovy`e GOST 166-89 GOSREESTR ¹ 52630-13;Meta title-Shtangentcirkuli;Meta keywords-Shtangentcirkuli;Meta description-Shtangentcirkuli;Thing2;
16;1;Mikrometry`;Home;0;Mikrometry`;Meta title-Mikrometry`;Meta keywords-Mikrometry`;Meta description-Mikrometry`;Thing3;
17;1;Mikrometry` mehanicheskie gladkie GOST 6507-90 GOSREESTR ¹ 52631-13;Mikrometry`;0;Mikrometry` mehanicheskie gladkie GOST 6507-90 GOSREESTR ¹ 52631-13;Meta title-Mikrometry`;Meta keywords-Mikrometry`;Meta description-Mikrometry`;Thing4;
18;1;Mikrometry` tcifrovy`e GOST 6507-90 GOSREESTR ¹ 52631-13;Mikrometry`;0;Mikrometry` tcifrovy`e GOST 6507-90 GOSREESTR ¹ 52631-13;Meta title-Mikrometry`;Meta keywords-Mikrometry`;Meta description-Mikrometry`;Thing5;
19;1;Nutromery`;Home;0;Nutromery`;Meta title-Nutromery`;Meta keywords-Nutromery`;Meta description-Nutromery`;Thing6;
20;1;Nutromery` indikatorny`e GOST 868-82 GOSREESTR ¹ 52611-13;Nutromery`;0;Nutromery` indikatorny`e GOST 868-82 GOSREESTR ¹ 52611-13;Meta title-Nutromery`;Meta keywords-Nutromery`;Meta description-Nutromery`;Thing7;
21;1;Nutromery` mikrometricheskie GOST 10-88;Nutromery`;0;Nutromery` mikrometricheskie GOST 10-88;Meta title-Nutromery`;Meta keywords-Nutromery`;Meta description-Nutromery`;Thing8;
22;1;Indikatory` chasovogo tipa GOST 577-68 GOSREESTR ¹ 52612-13. Indikatory` IRB;Home;0;Indikatory` chasovogo tipa GOST 577-68 GOSREESTR ¹ 52612-13. Indikatory` IRB;Meta title-Indikatory`;Meta keywords-Indikatory`;Meta description-Indikatory`;Thing9;
23;1;Shtangenglubinomery` mehanicheskie GOST 162-90;Home;0;Shtangenglubinomery` mehanicheskie GOST 162-90;Meta title-Shtangenglubinomery`;Meta keywords-Shtangenglubinomery`;Meta description-Shtangenglubinomery`;Thing10;
24;1;Shtangenrei`smasy` mehanicheskie GOST 164-90;Home;0;Shtangenrei`smasy` mehanicheskie GOST 164-90;Meta title-Shtangenrei`smasy`;Meta keywords-Shtangenrei`smasy`;Meta description-Shtangenrei`smasy`;Thing11;
25;1;Uglomery` universal`ny`e GOST 5378-88;Home;0;Uglomery` universal`ny`e GOST 5378-88;Meta title-Uglomery`;Meta keywords-Uglomery`;Meta description-Uglomery`;Thing12;
26;1;Ugol`niki poverochny`e GOST 3749-77;Home;0;Ugol`niki poverochny`e GOST 3749-77;Meta title-Ugol`niki;Meta keywords-Ugol`niki;Meta description-Ugol`niki;Thing13;
27;1;Ugol`niki s shirokim osnovaniem GOST 3749-77;Home;0;Ugol`niki s shirokim osnovaniem GOST 3749-77;Meta title-Ugol`niki;Meta keywords-Ugol`niki;Meta description-Ugol`niki;Thing14;
28;1;Stoi`ki Shtativy`;Home;0;Stoi`ki Shtativy`;Meta title-Stoi`ki-Shtativy`;Meta keywords-Stoi`ki-Shtativy`;Meta description-Stoi`ki-Shtativy`;Thing15;
29;1;Nabory` shchupov TU 2-034-0221197-011-91;Home;0;Nabory` shchupov TU 2-034-0221197-011-91;Meta title-shchupy`;Meta keywords-shchupy`;Meta description-shchupy`;Thing16;
30;1;Shablony` rez`bovy`e TU-2-034-228-87;Home;0;Shablony` rez`bovy`e TU-2-034-228-87;Meta title-Shablony`;Meta keywords-Shablony`;Meta description-Shablony`;Thing17;
31;1;Shablony` radiusny`e;Home;0;Shablony` radiusny`e;Meta title-Shablony`;Meta keywords-Shablony`;Meta description-Shablony`;Thing18;
32;1;Leenei`ki izmeritel`naia po GOST 427-75;Home;0;Leenei`ki izmeritel`naia po GOST 427-75;Meta title-Ugol`niki;Meta keywords-Ugol`niki;Meta description-Ugol`niki;Thing19;
33;1;Ruletki;Home;0;Ruletki;Meta title-Ruletki;Meta keywords-Ruletki;Meta description-Ruletki;Thing20;
